address/street,baths,beds,coordinates/latitude,coordinates/longitude,garage,id,listPrice,is_manual,name,sqft,status,stories,type,units,year_built
809 S Aurora St,2,5,42.430851,-76.496069,0,4208852367,2625.00,FALSE,,1300,for_rent,1,single_family,1,
419 Triphammer Rd,2,6,42.460409,-76.481516,4,4733433667,5000.00,FALSE,,3200,for_rent,2,single_family,1,1956.0
517 S Aurora St,2,6,42.435014,-76.494344,0,4090421202,4350.00,FALSE,,2457,for_rent,1,single_family,1,
3 Hudson Pl,1,2,42.430688,-76.493156,0,4199200488,1600.00,FALSE,,900,for_rent,1,single_family,1,
600 Warren Rd Apt 4-2,1.5,1.5,42.477345,-76.467567,0,9934501911,1881.00,TRUE,Warren Wood,894,for_rent,1,apartment,181,
114 Stewart Ave,3,7,42.4401,-76.489955,0,3898203471,850.00,FALSE,,0,for_rent,1,single_family,1,
2250 N Triphammer Rd,1,1,42.47845,-76.48666,0,3702832655,1400.00,FALSE,Brooklane,550,for_rent,1,apartment,26,
601 Winston Ct Apt 1,1,2.5,42.475689,-76.45789,0,3523590622,1645.00,TRUE,Winston Square Apartments,1000,for_rent,1,apartment,108,
37 Uptown Rd Apt 16D,1,1.5,42.480465,-76.475517,0,9629301982,1519.00,TRUE,Gaslight Village,925,for_rent,1,apartment,144,
918 Danby Rd,1.5,3.5,42.426423,-76.499661,0,3321251993,2350.00,TRUE,"Ithaca Estates Realty, LLC",0,for_rent,1,apartment,2,
Ithaca Solar Townhouses,1,4,,,0,9442150501,2350.00,TRUE,"Ithaca Estates Realty, LLC",1800,for_rent,1,apartment,8,
700 Warren Rd # 18-2,1.5,2,42.486946,-76.470795,0,9890806356,1586.50,TRUE,North Wood Apartments,894,for_rent,1,apartment,271,
704 Triphammer Rd,3,4,42.462183,-76.483453,0,4700006116,3300.00,FALSE,,1898,for_rent,1,single_family,1,
607 S Aurora St,2.5,3.5,42.434366,-76.494036,0,4092955286,2565.00,TRUE,"MLR Property Management, LLC",1200,for_rent,1,other,15,
1601 E Shore Dr,3,4,42.50913,-76.508012,0,9613463690,3800.00,FALSE,,2000,for_rent,1,single_family,1,
815 S Aurora St,1,1.5,42.430073,-76.49638,0,4904234484,1815.00,TRUE,Live More Ithaca,858,for_rent,1,other,97,2023.0
220 Giles St,1,3,42.435254,-76.489183,0,4082595354,2500.00,FALSE,,1600,for_rent,1,single_family,1,
320 Blackstone Ave,3,4,42.470508,-76.470348,0,3547694536,3200.00,FALSE,,2100,for_rent,1,single_family,1,
648 Hudson Upstairs St Unit 648,1,3,42.43063,-76.492816,0,4072356572,2500.00,FALSE,,0,for_rent,1,condos,1,
815 S Aurora St Unit A301,1,3,42.430042,-76.49662,0,9017823863,2050.00,FALSE,,970,for_rent,1,condos,1,
815 S Aurora St Unit A307,1,3,42.430042,-76.49662,0,9476339580,900.00,FALSE,,980,for_rent,1,condos,1,
815 S Aurora St Unit A01,1,3,42.430042,-76.49662,0,9390534105,2730.00,FALSE,,970,for_rent,1,condos,1,
114 Birdseye View Dr,2,3,42.410846,-76.504331,0,3796286251,2075.00,FALSE,,1620,for_rent,1,single_family,1,
43 Fiddlers Rdg,4,6,42.55152,-76.563698,0,3927732618,4000.00,FALSE,,3542,for_rent,1,single_family,1,
202 Linden Ave Unit 303,1,4,42.439472,-76.484375,0,9777901913,900.00,FALSE,,1010,for_rent,1,condos,1,
815 S Aurora St Unit A207,1,3,42.430042,-76.49662,0,9105502388,1000.00,FALSE,,980,for_rent,1,condos,1,
217 Columbia St,3,4.5,42.435586,-76.493332,0,3110814062,3949.00,TRUE,"MLR Property Management, LLC",0,for_rent,1,other,5,
126 College Ave Unit 401,2,6,42.438778,-76.485321,0,9708488612,1417.00,FALSE,,1658,for_rent,1,condos,1,
218 Pleasant St,1,3,42.436819,-76.495883,0,3999492302,2040.00,FALSE,,1400,for_rent,1,single_family,1,
135 Coddington Rd,1,3,42.429737,-76.494026,0,9974051488,2175.00,FALSE,,1500,for_rent,1,single_family,1,
504 S Aurora St,1,4,42.435528,-76.494904,0,9522569919,3400.00,FALSE,,1400,for_rent,1,single_family,1,
117 Prospect St,1,4,42.437156,-76.49576,0,3996771888,2640.00,FALSE,,1300,for_rent,1,single_family,1,
708 E Seneca-3 708 Sen St E # 1-2,3,10,42.440922,-76.489113,0,9648829532,8550.00,FALSE,,3000,for_rent,1,single_family,1,
2250 N Triphammer Rd Apt K2,1.5,2,42.478687,-76.487259,0,9604444238,1728.00,TRUE,Lansing West Apartments,894,for_rent,1,apartment,180,
1 Candlewyck Dr,1,1.5,42.46021,-76.52717,0,3608593626,1775.50,TRUE,Candlewyck Park,755,for_rent,1,apartment,77,
166 Bush Ln,3,4,42.497919,-76.479263,0,4240505674,2950.00,FALSE,,1650,for_rent,1,single_family,1,
115 Prospect St # 1,1,3,42.437073,-76.495872,0,9267287577,2100.00,FALSE,,0,for_rent,1,apartment,1,
402 Esty St,1,1,42.44352,-76.507092,0,3744705053,1550.00,FALSE,,720,for_rent,1,single_family,1,
116 Ferris Pl Apt 3,1,3,42.438095,-76.489319,0,9190586965,2010.00,FALSE,,0,for_rent,1,apartment,1,
207 Kevin Pl,1,3,,,0,9119603768,2400.00,FALSE,,0,for_rent,1,apartment,1,
115 Prospect St # 2,1,3,42.437073,-76.495872,0,9624387043,2100.00,FALSE,,0,for_rent,1,apartment,1,
106-112 S Quarry St,1.5,3.5,42.438304,-76.488487,0,4064492174,3700.00,TRUE,"MLR Property Management, LLC",0,for_rent,1,other,5,
116 Ferris Pl Apt 2,1,3,42.438127,-76.489369,0,4340179655,2100.00,FALSE,,750,for_rent,1,apartment,1,
218 Delaware Ave Apt 4,2,5,42.440521,-76.483574,0,9004188671,5250.00,FALSE,,0,for_rent,1,apartment,1,
112-114 Schuyler Pl,1,3,42.439892,-76.492302,0,9356349145,775.00,FALSE,,0,for_rent,1,apartment,1,
118 Ferris Pl Apt 2,1,4,42.438084,-76.489365,0,9858278091,2800.00,FALSE,,0,for_rent,1,apartment,1,
238 Dryden Rd Unit 201,2,2,42.441662,-76.483253,0,9800762398,3710.00,FALSE,,990,for_rent,1,condos,1,
218 Delaware Ave,1.5,3.5,42.440545,-76.483578,0,3877781734,3075.00,FALSE,Landlords Association,0,for_rent,1,apartment,3,0.0
104 Lake Ave,4,7,42.444748,-76.499762,0,9843308796,825.00,FALSE,,0,for_rent,1,apartment,1,
214 Dryden Rd,4,7,42.441896,-76.484229,0,9725975963,850.00,FALSE,,0,for_rent,1,apartment,1,
238 Dryden Rd Unit G01,1,1,42.441662,-76.483253,0,9659993471,2415.00,FALSE,,712,for_rent,1,condos,1,
118 Ferris Pl,2,6,42.438019,-76.489395,0,9580770626,4200.00,FALSE,,0,for_rent,1,apartment,1,
202 Linden-4 Bedroom Btb Ave Unit 203,0,0,42.439472,-76.484375,0,9973307477,1285.00,FALSE,,300,for_rent,1,condos,1,
124 Sears St Apt 1,2,5,42.443836,-76.498238,0,9637407987,2950.00,FALSE,,1500,for_rent,1,apartment,1,
506 S Cayuga St Apt 1,1,4,42.433925,-76.498937,0,4339993326,2720.00,FALSE,,0,for_rent,1,apartment,1,
118 Ferris Pl Apt 1,2,6,42.438084,-76.489365,0,9610840462,4200.00,FALSE,,0,for_rent,1,apartment,1,
238 Dryden Rd Unit 402,1,2,42.441662,-76.483253,0,9443572855,3500.00,FALSE,,781,for_rent,1,condos,1,
815 S Aurora St Unit A206,1,2,42.430042,-76.49662,0,9918526406,2300.00,FALSE,,736,for_rent,1,condos,1,
238 Dryden Rd Unit 102,1,2,42.441662,-76.483253,0,9241504919,3500.00,FALSE,,781,for_rent,1,condos,1,
238 Dryden Rd Unit 302,1,2,42.441662,-76.483253,0,9110029277,3530.00,FALSE,,781,for_rent,1,condos,1,
815 S Aurora St Unit B301,1,2,42.430042,-76.49662,0,9735512368,2100.00,FALSE,,736,for_rent,1,condos,1,
815 S Aurora St Unit A203,1,2,42.430042,-76.49662,0,9247939406,2000.00,FALSE,,607,for_rent,1,condos,1,
702 Hudson Bedroom Downstairs St Unit 3,2,3,42.430138,-76.492523,0,9242504609,2475.00,FALSE,,0,for_rent,1,condos,1,
815 S Aurora St Unit A204,1,2,42.430042,-76.49662,0,9949146891,2100.00,FALSE,,607,for_rent,1,condos,1,
815 S Aurora St Unit A205,1,2,42.430042,-76.49662,0,9702777886,2300.00,FALSE,,736,for_rent,1,condos,1,
702 Hudson St Unit 2,2,3,42.430138,-76.492523,0,9586565159,795.00,FALSE,,0,for_rent,1,condos,1,
815 S Aurora St Unit B104,1,2,42.430042,-76.49662,0,9333900278,2300.00,FALSE,,736,for_rent,1,condos,1,
815 S Aurora St Unit A304,1,2,42.430042,-76.49662,0,9129857535,2100.00,FALSE,,607,for_rent,1,condos,1,
205 Williams St,2,7,42.442171,-76.488493,0,3844018790,995.00,FALSE,,0,for_rent,1,apartment,1,
815 S Aurora St Unit A202,1,2,42.430042,-76.49662,0,9122493562,2300.00,FALSE,,736,for_rent,1,condos,1,
126 College Ave Unit 201,2,6,42.438778,-76.485321,0,9320578554,1417.00,FALSE,,1658,for_rent,1,condos,1,
111 Harvard Pl,3,7,42.440337,-76.48173,0,3886613762,7600.00,FALSE,,0,for_rent,1,single_family,1,
815 S Aurora St Unit A201,1,3,42.430042,-76.49662,0,9634871026,2730.00,FALSE,,970,for_rent,1,condos,1,
202 Linden Ave Unit 1,1,4,42.439472,-76.484375,0,9697687795,1285.00,FALSE,,300,for_rent,1,condos,1,
605 S Aurora St,1.5,3.5,42.434511,-76.494298,0,4092992552,3125.00,TRUE,"MLR Property Management, LLC",0,for_rent,1,other,7,
301 E State St,1.5,1,42.439304,-76.494944,0,4741580935,2368.50,TRUE,City Centre Ithaca,913.5,for_rent,1,apartment,193,
238 Dryden Rd Unit 202,1,2,42.441662,-76.483253,0,9969923513,3530.00,FALSE,,781,for_rent,1,condos,1,
116 Ferris Pl Apt 1,2,5,42.438091,-76.489388,0,9535483848,3500.00,FALSE,,0,for_rent,1,apartment,1,
815 S Aurora St Unit A103,1,2,42.430042,-76.49662,0,9571468903,2150.00,FALSE,,607,for_rent,1,condos,1,
113 Oak Ave,4,0,42.442321,-76.484259,0,3847968980,1000.00,FALSE,,0,for_rent,1,single_family,1,
815 S Aurora St Unit A02,1,2,42.430042,-76.49662,0,9954395229,2300.00,FALSE,,736,for_rent,1,condos,1,
118 Ferris Pl Apt 3,1,3,42.438026,-76.489357,0,9898732364,2100.00,FALSE,,750,for_rent,1,apartment,1,
702 Hudson St Unit 1,2,3,42.430141,-76.492485,0,9558560038,795.00,FALSE,,0,for_rent,1,condos,1,
238 Dryden Rd Unit 401,2,2,42.441662,-76.483253,0,9385369296,3710.00,FALSE,,990,for_rent,1,condos,1,
121 Cascadilla Ave Apt 1,1,1,42.443947,-76.497833,0,9839553811,1225.00,FALSE,,400,for_rent,1,apartment,1,1910.0
87 Uptown Rd Apt K107,1,1,42.479103,-76.473717,0,9028551025,1550.00,FALSE,,775,for_rent,1,apartment,1,
719 Tripammer # C,1,1,42.463093,-76.483231,0,9587220858,725.00,FALSE,,200,for_rent,1,apartment,1,
105 Auburn Rd,1,1,42.536514,-76.496229,0,4078808749,975.00,FALSE,,600,for_rent,1,apartment,1,
807 Triphammer Rd,1,2,42.463422,-76.48337,0,4694863416,1540.00,FALSE,,1200,for_rent,1,apartment,1,
125 Highland Pl Apt 1,1,2,42.442562,-76.488052,0,9984480983,1195.00,FALSE,,0,for_rent,1,apartment,1,
801 Triphammer Rd # B,1,1,42.463249,-76.483292,0,9170488512,1000.00,FALSE,,550,for_rent,1,apartment,1,
719 Triphammer Rd Apt A,1,2,42.463093,-76.483231,0,9324971245,1540.00,FALSE,,1000,for_rent,1,apartment,1,
105 Worth St,1,2,42.438734,-76.47857,0,3872825364,2390.00,FALSE,,0,for_rent,1,apartment,1,
87 Uptown Rd Apt I202,1,2,42.479515,-76.473297,0,9485529940,1700.00,FALSE,,1075,for_rent,1,apartment,1,
506 S Cayuga St # 2,1,2,42.433907,-76.498924,0,9983981707,1180.00,FALSE,,800,for_rent,1,apartment,1,
207 Kevin Pl,1,2,,,0,9409487135,1550.00,FALSE,,0,for_rent,1,apartment,1,
3 Hudson Pl Unit B,1,2,42.430649,-76.493156,0,9973483898,1600.00,FALSE,,900,for_rent,1,apartment,1,
327 W Seneca St Apt 102,1,2,42.440075,-76.503532,0,9665664861,1900.00,FALSE,,700,for_rent,1,apartment,1,
327 W Seneca St Apt 303,1,2,42.440075,-76.503532,0,9162987432,1900.00,FALSE,,700,for_rent,1,apartment,1,
807 Triphammer Rd # B,1,2,42.463409,-76.483368,0,9561869455,1540.00,FALSE,,800,for_rent,1,apartment,1,
715 Triphammer Rd,1,2,42.46294,-76.483197,0,4694639821,1540.00,FALSE,,0,for_rent,1,apartment,1,
327 W Seneca St Apt 203,1,2,42.440075,-76.503532,0,9181092076,1950.00,FALSE,,700,for_rent,1,apartment,1,
124 Roberts Pl,2,3,42.453167,-76.484934,0,4335817125,1250.00,FALSE,,1500,for_rent,1,apartment,1,
702 N Aurora St,1,2,42.447485,-76.496377,0,3603094472,1450.00,FALSE,,0,for_rent,1,apartment,1,
705 E Buffalo St,1,2,42.441341,-76.488255,0,3843087142,1380.00,FALSE,,0,for_rent,1,apartment,1,
303 Wyckoff Ave,2,4,42.455059,-76.483592,0,3451496618,3100.00,FALSE,,2400,for_rent,1,apartment,1,
103 Spring Ln,1,2,42.441994,-76.491734,0,3830304923,1620.00,FALSE,,0,for_rent,1,apartment,1,
1B Deibler Dr,1,2,42.494366,-76.37544,0,4052872017,1300.00,FALSE,,0,for_rent,1,apartment,1,
112 Sapsucker Woods Rd,1,2,42.468651,-76.450523,0,9144834287,1695.00,FALSE,,3078,for_rent,1,apartment,1,1976.0
425 Troy Rd,2,3,42.385446,-76.470106,0,3319701317,775.00,FALSE,,1400,for_rent,1,apartment,1,
202 Dryden Rd,2.5,5.5,42.441786,-76.484831,0,9004372666,855.00,FALSE,Landlords Association,0,for_rent,1,apartment,2,0.0
107 Elmwood Ave,2,4,42.438428,-76.478496,0,4209064466,4100.00,FALSE,,0,for_rent,1,apartment,1,
109 E State St,1,0,42.439278,-76.498512,0,9593541099,945.00,FALSE,,0,for_rent,1,apartment,1,
87 Uptown Rd Apt F112,1,1,42.47979,-76.474205,0,9048930196,1350.00,FALSE,,775,for_rent,1,apartment,1,
426 E Buffalo St,1,2,42.441949,-76.49252,0,3830863912,882.00,FALSE,,0,for_rent,1,apartment,1,
210 Delaware Ave Apt 2,1,3,42.439854,-76.483528,0,9864265022,2850.00,FALSE,,0,for_rent,1,apartment,1,
8 Library St,1,0,42.491526,-76.298962,0,4780213306,735.00,FALSE,,0,for_rent,1,apartment,1,
114 Overlook Rd Apt 3,1,3,42.458683,-76.489548,0,9764143776,2685.00,FALSE,,1400,for_rent,1,apartment,1,
121 Cascadilla Ave Apt 3,1,1,42.443951,-76.497772,0,9439454615,1575.00,FALSE,,400,for_rent,1,apartment,1,1910.0
87 Uptown Rd Apt J201,1,1,42.479221,-76.474106,0,9198021389,1580.00,FALSE,,933,for_rent,1,apartment,1,
705 E Seneca Ithaca,1,1,42.440483,-76.489258,0,9270490040,1115.00,FALSE,,0,for_rent,1,apartment,1,
105 Dewitt Pl Apt 2,1,1,42.441929,-76.491173,0,9386654295,1450.00,FALSE,,0,for_rent,1,apartment,1,
216 University Ave,1,1,42.445737,-76.493702,0,3099746077,1900.00,FALSE,,0,for_rent,1,apartment,1,
1718 Ellis Hollow Rd,2,2,42.42716,-76.388618,0,4775417771,1850.00,FALSE,,0,for_rent,1,apartment,1,
321-321 5 Hillview Pl # 321HIL,1,3,,,0,9024949942,1875.00,TRUE,PPM Homes LLC,0,for_rent,1,apartment,3,
200 W Hill Cir,1.25,2,42.46632,-76.54324,0,4946062953,0.00,FALSE,The Overlook at West Hill,855,for_rent,1,apartment,128,
924 Danby Rd,1.5,4,42.425702,-76.500679,0,3070355079,2100.00,TRUE,"MLR Property Management, LLC",0,for_rent,1,other,2,
Ithaca Solar Townhouses,1,4,,,0,9250743367,3000.00,TRUE,"Ithaca Estates Realty, LLC",1800,for_rent,1,apartment,8,
113 N Quarry St,1,3,42.439342,-76.48835,0,9309116472,2400.00,TRUE,PPM Homes LLC,0,for_rent,1,apartment,5,
Coddington and Hudson Pl,1,0,,,0,9104009463,925.00,TRUE,Ithaca Living Solutions,400,for_rent,1,apartment,98,
151 Dryden Rd,1,1,42.441534,-76.485747,0,3155134025,1950.00,FALSE,Landlords Association,0,for_rent,1,apartment,3,0.0
508 E Buffalo St,1.5,3,42.44176,-76.491679,0,3829410541,2400.00,FALSE,Landlords Association,1350,for_rent,1,apartment,2,0.0
111 Dryden Rd,1.5,3,42.441449,-76.486717,0,3155208557,1525.00,FALSE,Landlords Association,0,for_rent,1,apartment,6,0.0
210 Delaware Ave,1,3,42.439892,-76.483505,0,9254273635,2850.00,TRUE,Landlords Association,0,for_rent,1,apartment,2,0.0
87 Uptown Rd Apt F212,1,1,42.479824,-76.47422,0,9655301551,1400.00,FALSE,,775,for_rent,1,apartment,1,
411 N Geneva St Apt 2,1,1,42.443233,-76.500648,0,9447043542,1900.00,FALSE,,660,for_rent,1,apartment,1,
108 E State St,2,2,42.439859,-76.498531,0,9924998029,1800.00,TRUE,Ithaca Renting Company,700,for_rent,1,apartment,5,0.0
521 E State St,1,1.5,42.438945,-76.490611,0,3914265092,2125.00,TRUE,"MLR Property Management, LLC",0,for_rent,1,other,9,
87 Uptown Rd Apt H207,1,1,42.479694,-76.474197,0,9304999752,1550.00,FALSE,,775,for_rent,1,apartment,1,
87 Uptown Rd Apt K205,1,1,42.479134,-76.47361,0,9151962928,1450.00,FALSE,,775,for_rent,1,apartment,1,
102 Highland Pl Apt 1,1,1,42.44241,-76.488861,0,9548497444,1550.00,FALSE,,500,for_rent,1,apartment,1,
107 E State St,1,0.5,42.43952,-76.498692,0,4609880924,1870.00,FALSE,Landlords Association,0,for_rent,1,apartment,2,0.0
110 N Titus Ave,1,1,42.435539,-76.499603,0,9638615418,1845.00,FALSE,,0,for_rent,1,apartment,1,
705 E Seneca Ithaca,1,1,42.440483,-76.489258,0,9324932634,1195.00,FALSE,,0,for_rent,1,apartment,1,
87 Uptown Rd Apt K108,1,1,42.479176,-76.473717,0,9911442678,1550.00,FALSE,,775,for_rent,1,apartment,1,
87 Uptown Rd Apt H202,1,1,42.479404,-76.474045,0,9952534781,1525.00,FALSE,,775,for_rent,1,apartment,1,
112 E State St,2,2,42.439612,-76.498583,0,3112201184,1800.00,FALSE,,0,for_rent,1,apartment,1,
1 Maplewood Rd,1,1,42.497367,-76.541623,0,4912559680,1180.00,FALSE,,475,for_rent,1,apartment,1,
327 W Seneca St Apt 304,1,1,42.440075,-76.503532,0,9218997222,1450.00,FALSE,,400,for_rent,1,apartment,1,
87 Uptown Rd Apt F107,1,1,42.479996,-76.474075,0,9862570496,1550.00,FALSE,,775,for_rent,1,apartment,1,
20 Blue Heron Way,2,2,,,0,9064087276,3300.00,FALSE,,2400,for_rent,1,apartment,1,2022.0
110 Titus # 1A,2,2,42.435417,-76.499695,0,9597377586,3500.00,FALSE,,0,for_rent,1,apartment,1,
207 Kevin Pl,2,4,,,0,9469354464,3180.00,FALSE,,0,for_rent,1,apartment,1,
22 Blue Heron Way,2,2,,,0,9011626843,3100.00,FALSE,,2400,for_rent,1,apartment,1,2022.0
801 Triphammer Rd Apt A,1,2,42.463275,-76.483294,0,4340216921,1540.00,FALSE,,0,for_rent,1,apartment,1,
102 Highland Pl Apt 4,1,1,42.442429,-76.488861,0,9051500681,2095.00,FALSE,,0,for_rent,1,apartment,1,
372 Troy Rd Unit 2,2,4,42.389908,-76.471977,0,9811241160,2500.00,FALSE,,1092,for_rent,1,apartment,1,
109 Dewitt Pl Apt 1,1,2,42.44207,-76.491196,0,9657086777,995.00,FALSE,,0,for_rent,1,apartment,1,
5C Deibler Dr,1,2,42.494305,-76.37709,0,9588836722,1300.00,FALSE,,832,for_rent,1,apartment,1,
102 Highland Pl Apt 2,1,1,42.442429,-76.488899,0,9405501907,2095.00,FALSE,,0,for_rent,1,apartment,1,
208 Dryden Rd,1,2.5,42.441923,-76.484635,0,9169444932,1340.00,FALSE,Landlords Association,0,for_rent,1,apartment,5,0.0
426 Eddy St,2,4.5,42.442211,-76.487778,0,9167320806,920.00,FALSE,Landlords Association,0,for_rent,1,apartment,3,0.0
Ithaca Solar Townhouses,1,4,,,0,9438115898,3000.00,TRUE,"Ithaca Solar Townhouses, LLC 1047-1053 Danby Rd.",1800,for_rent,1,apartment,8,
127 College Ave,1,2,42.439056,-76.484797,0,3877707202,1470.00,FALSE,Landlords Association,0,for_rent,1,apartment,4,0.0
200 Conifer Dr,1.5,1.5,42.451167,-76.532176,0,3757019505,646.00,FALSE,Conifer Village at Ithaca,838,for_rent,1,apartment,72,
327 W Seneca St Apt 204,1,1,42.440075,-76.503532,0,9948193227,1415.00,FALSE,,400,for_rent,1,apartment,1,
140 Seneca Way,1.5,1.5,42.439838,-76.493643,0,3728354657,3022.50,TRUE,140 Seneca Way,1305.5,for_rent,1,apartment,38,
87 Uptown Rd Apt C215,1,2,42.479618,-76.475433,0,9317508645,1585.00,FALSE,,1075,for_rent,1,apartment,1,
105 Highland Pl,1.5,2.5,42.442707,-76.488487,0,9634804524,3100.00,TRUE,"MLR Property Management, LLC",800,for_rent,1,apartment,11,
319 Hillview Pl # 319HIL,1,1,42.434536,-76.495331,0,9062529655,2000.00,TRUE,PPM Homes LLC,400,for_rent,1,apartment,6,
430 W State St,1.5,1,42.439693,-76.5056,0,9241448840,2380.00,TRUE,Ironworks,718.5,for_rent,1,apartment,131,2022.0
213-215 Columbia St,1.5,3.5,42.435658,-76.493591,0,9951205032,2625.00,TRUE,"MLR Property Management, LLC",0,for_rent,1,apartment,3,
111 Blair St,1,2,42.437708,-76.485614,0,4024423218,885.00,FALSE,"Moll Properties, Inc.",0,for_rent,1,other,3,
711 E Seneca St,1.5,3.5,42.440432,-76.488811,0,3898650662,3850.00,TRUE,"MLR Property Management, LLC",0,for_rent,1,other,7,
718 Hudson St,1,2,42.429743,-76.492045,0,4203113412,1450.00,TRUE,Ithaca Living Solutions,750,for_rent,1,apartment,2,
109 Williams St,1,2,42.442177,-76.489075,0,9278978635,2500.00,TRUE,"MLR Property Management, LLC",0,for_rent,1,apartment,6,
1005 1007 N Aurora St,1,2.5,42.45174,-76.496086,0,9131351145,2050.00,TRUE,"MLR Property Management, LLC",875,for_rent,1,apartment,3,
404 University Ave,2,3,42.447632,-76.493164,0,9653352345,3300.00,TRUE,"MLR Property Management, LLC",0,for_rent,1,apartment,5,
308 E Seneca St,1,1,42.440742,-76.495182,0,4552409564,1350.00,TRUE,"MLR Property Management, LLC",0,for_rent,1,apartment,6,
707 E Seneca St,1,3,42.440419,-76.489039,0,3072081599,3700.00,TRUE,"MLR Property Management, LLC",0,for_rent,1,other,8,
232 S Geneva St,2,3.5,42.437016,-76.50088,0,3364954427,3150.00,TRUE,"MLR Property Management, LLC",0,for_rent,1,apartment,8,
306 Bryant Ave,2,5,42.440925,-76.483697,0,3857918987,6566.00,FALSE,"MLR Property Management, LLC",2000,for_rent,1,apartment,2,
230 Bryant Ave,1.5,2.5,42.440218,-76.483019,0,3883669753,1450.00,TRUE,"MLR Property Management, LLC",0,for_rent,1,apartment,5,
226 Bryant Ave,1.5,2.5,42.440006,-76.482742,0,9262301734,950.00,TRUE,PPM Homes LLC,0,for_rent,1,apartment,8,
416 Hudson St # 416HUD,2,6,42.435165,-76.492434,0,4079390483,725.00,TRUE,PPM Homes LLC,2060,for_rent,1,other,3,
518 Linn St,1.5,2.5,42.449668,-76.495308,0,3558710734,2400.00,TRUE,"MLR Property Management, LLC",0,for_rent,1,apartment,3,
128 Sapsucker Woods Rd,1,2,42.469771,-76.45061,0,3141148539,1500.00,TRUE,Ithaca Living Solutions,900,for_rent,1,apartment,4,
102 Wiedmaier Ct,1.5,3,42.414061,-76.44854,0,3609484160,2350.00,TRUE,Ithacor,1172.5,for_rent,1,apartment,2,2014.0
107-109 Hudson St # 107HUD,1.5,5,42.438454,-76.494263,0,9099740249,3812.50,TRUE,PPM Homes LLC,2000,for_rent,1,apartment,8,
1002 N Aurora St,1.5,2.5,42.451565,-76.496537,0,3463980708,2550.00,TRUE,"MLR Property Management, LLC",1500,for_rent,1,apartment,5,
110-112-113 Stewart Ave,1.5,3,42.440121,-76.489494,0,9039527098,3000.00,TRUE,"MLR Property Management, LLC",717,for_rent,1,apartment,16,
921 Taughannock Blvd,1,1,42.468463,-76.526988,0,4859057159,1430.00,FALSE,"West Shore Apartments, LLC",0,for_rent,1,apartment,3,
309 S Aurora St,2,3.5,42.437196,-76.494479,0,3992635369,4550.00,FALSE,PPM Homes LLC,700,for_rent,1,apartment,3,
522 Stewart Ave,2.5,5,42.444431,-76.489685,0,9089162976,5500.00,TRUE,"MLR Property Management, LLC",0,for_rent,1,apartment,9,
144-313 Linn St,2,5,42.444863,-76.494838,0,3215199418,4250.00,TRUE,"MLR Property Management, LLC",0,for_rent,1,apartment,5,
1601 E Shore Dr Unit B,3,4,42.50922,-76.508728,0,9415356472,3800.00,FALSE,,2000,for_rent,1,condos,1,2023.0
100 Graham Rd,1.5,2,42.48426,-76.48047,0,4425528019,875.00,FALSE,The Meadows at Ithaca,945,for_rent,1,apartment,111,
139 Coddington Rd # 139COD,2,6,42.429824,-76.493388,0,4204454986,3780.00,FALSE,PPM Homes LLC,1827,for_rent,1,apartment,3,
Springwood Townhomes,2,2,,,0,9686083266,1525.00,TRUE,"Ithaca Estates Realty, LLC",1250,for_rent,1,apartment,29,
609 E State St,2,4.5,42.438973,-76.50901,0,3912513592,4500.00,TRUE,"MLR Property Management, LLC",0,for_rent,1,other,7,
129 College Ave,3,8,42.439202,-76.484891,0,3875955703,8800.00,TRUE,PPM Homes LLC,2988,for_rent,1,apartment,2,
308 Stewart Ave,1.5,2.5,42.441994,-76.490044,0,9505054718,2800.00,TRUE,"MLR Property Management, LLC",0,for_rent,1,apartment,9,
710 Stewart Ave,1,2.5,42.450213,-76.490992,0,3570374974,775.00,FALSE,"MLR Property Management, LLC",0,for_rent,1,other,8,
720 Hudson St,1,2,42.429752,-76.492081,0,9766813501,1400.00,TRUE,Ithaca Living Solutions,720,for_rent,1,apartment,2,
601 E State St,2,4,42.438908,-76.489525,0,3913147113,4400.00,TRUE,"MLR Property Management, LLC",0,for_rent,1,apartment,2,
410 S Aurora St,2,6,42.436188,-76.494972,0,9849757139,4100.00,TRUE,PPM Homes LLC,2232,for_rent,1,apartment,4,1975.0
211 Columbia St,1,3,42.435573,-76.493782,0,4090346670,2237.50,TRUE,Ithacor,1176,for_rent,1,apartment,2,2010.0
315-317 Hillview Pl # 315HIL,2,4,42.434696,-76.495552,0,9814917182,2760.00,TRUE,PPM Homes LLC,1688,for_rent,1,apartment,3,
119 Stewart Ave # 119STE,1,1.5,42.440525,-76.489502,0,9727296845,1807.50,TRUE,PPM Homes LLC,650,for_rent,1,apartment,6,
192-198 Pinckney Rd,1,2,42.483201,-76.408614,0,9799779705,995.00,FALSE,PPM Homes LLC,0,for_rent,1,apartment,8,
112 Summit St,3,3,42.442169,-76.483081,0,4465034930,5100.50,TRUE,The Lux and Lofts,1068,for_rent,1,apartment,0,
308 Fairmount Ave # 308FAI,1,1.5,42.440659,-76.480644,0,9594562840,1770.00,TRUE,PPM Homes LLC,425,for_rent,1,apartment,7,
320 Hillview Pl # 320HIL,1,3,42.434982,-76.495453,0,9040043485,1635.00,TRUE,PPM Homes LLC,780,for_rent,1,apartment,27,
918 Danby Road Llc 918 Danby Rd,1.5,3.5,42.42642,-76.499933,0,3068603579,2500.00,TRUE,918 Danby Road Llc 918 Danby Rd,0,for_rent,1,apartment,0,
119-121 Prospect St # 119PRO,1.5,4.5,42.437225,-76.495598,0,9528013151,2887.50,TRUE,PPM Homes LLC,1800,for_rent,1,apartment,3,
1028 Ellis Hollow Rd,1,1,42.435954,-76.460371,0,3421549321,646.00,FALSE,Ellis Hollow,450,for_rent,1,apartment,104,
108-110 Hudson St # 108HUD,1,3,42.438122,-76.494408,0,9182887562,2400.00,TRUE,PPM Homes LLC,0,for_rent,1,apartment,3,
613 E State St,1.5,3.5,42.438969,-76.509132,0,3912662656,3268.00,TRUE,"MLR Property Management, LLC",0,for_rent,1,apartment,6,
327 W Seneca St,1,2,42.440065,-76.503534,0,3921233823,1682.50,TRUE,Live More Ithaca,700,for_rent,1,apartment,13,
802-812 Dryden Rd,2,3,42.451904,-76.448799,0,9407413870,2480.00,TRUE,Ithacor,0,for_rent,1,apartment,42,
324 Pleasant St,1,1,42.436905,-76.493294,0,9726967358,900.00,TRUE,Ithaca Living Solutions,550,for_rent,1,apartment,4,
324 Spencer Rd,1,2,42.429231,-76.504343,0,3106938404,1295.00,FALSE,Forest Edge Townhomes,850,for_rent,1,apartment,14,1995.0
123 Columbia St # 123COL,1,3,42.435635,-76.495323,0,9485823735,2130.00,TRUE,PPM Homes LLC,0,for_rent,1,apartment,3,
405-409 S Aurora St,1.5,3.5,42.436364,-76.494251,0,4400348928,3300.00,TRUE,PPM Homes LLC,1343.5,for_rent,1,apartment,3,
311-313 S Aurora St,3,5,42.437008,-76.49441,0,9703462005,3725.00,TRUE,PPM Homes LLC,2100,for_rent,1,apartment,13,
101 Dryden Rd,1,3,42.441994,-76.487244,0,9043685736,3075.00,TRUE,PPM Homes LLC,0,for_rent,1,apartment,8,
105 Hudson St # 105HUD,2,4,42.43856,-76.494583,0,9591623263,3000.00,TRUE,PPM Homes LLC,1600,for_rent,1,apartment,2,
429-431 N Tioga St,1,2,42.444149,-76.496811,0,9436567580,2550.00,TRUE,"MLR Property Management, LLC",1000,for_rent,1,apartment,4,
519 E Buffalo St,1,2,42.441285,-76.490701,0,3834217847,1200.00,FALSE,"Moll Properties, Inc.",0,for_rent,1,other,7,
106 Wiedmaier Ct,2,3,42.413681,-76.449093,0,3610937531,3244.00,TRUE,Ithacor,1476,for_rent,1,apartment,2,2007.0
409 College Ave,1,1.5,42.442255,-76.484963,0,9523596613,4095.00,TRUE,"Student Agencies Properties, Inc.",725,for_rent,1,apartment,64,
103 Wiedmaier Ct,1.5,3,42.413895,-76.44801,0,3609558692,1450.00,TRUE,Ithacor,1144.5,for_rent,1,apartment,2,2015.0
902 Dryden Rd,1.5,2.5,42.453703,-76.44438,0,3409039337,1975.00,TRUE,Ithacor,0,for_rent,1,apartment,10,