,address/locality,address/street,baths,beds,coordinates/latitude,coordinates/longitude,garage,id,listPrice,local/flood/flood_factor_score,local/noise/score,local/wildfire/fire_factor_score,name,sqft,status,stories,type,units,year_built,amenity_count
0,Ithaca,809 S Aurora St,2.0,5.0,42.430851,-76.496069,0.0,4208852367,2625.0,1.0,84.0,3.0,,1300.0,for_rent,1.0,single_family,1.0,,4
1,Ithaca,419 Triphammer Rd,2.0,6.0,42.460409,-76.481516,4.0,4733433667,5000.0,1.0,93.0,2.0,,3200.0,for_rent,2.0,single_family,1.0,1956.0,7
2,Ithaca,517 S Aurora St,2.0,6.0,42.435014,-76.494344,0.0,4090421202,4350.0,1.0,81.0,3.0,,2457.0,for_rent,1.0,single_family,1.0,,0
3,Ithaca,3 Hudson Pl,1.0,2.0,42.430688,-76.493156,0.0,4199200488,1600.0,1.0,84.0,1.0,,900.0,for_rent,1.0,single_family,1.0,,3
4,Ithaca,600 Warren Rd Apt 4-2,1.5,1.5,42.477345,-76.467567,0.0,9934501911,,1.0,75.0,2.0,Warren Wood,894.0,for_rent,1.0,apartment,181.0,,6
5,Ithaca,114 Stewart Ave,3.0,7.0,42.4401,-76.489955,0.0,3898203471,850.0,1.0,77.0,2.0,,0.0,for_rent,1.0,single_family,1.0,,6
6,Ithaca,2250 N Triphammer Rd,1.0,1.0,42.47845,-76.48666,0.0,3702832655,1400.0,1.0,76.0,2.0,Brooklane,550.0,for_rent,1.0,apartment,26.0,,4
7,Ithaca,601 Winston Ct Apt 1,1.0,2.5,42.475689,-76.45789,0.0,3523590622,,1.0,88.0,3.0,Winston Square Apartments,1000.0,for_rent,1.0,apartment,108.0,,5
8,Ithaca,37 Uptown Rd Apt 16D,1.0,1.5,42.480465,-76.475517,0.0,9629301982,,1.0,73.0,2.0,Gaslight Village,925.0,for_rent,1.0,apartment,144.0,,6
9,Ithaca,918 Danby Rd,1.5,3.5,42.426423,-76.499661,0.0,3321251993,,1.0,74.0,3.0,"Ithaca Estates Realty, LLC",0.0,for_rent,1.0,apartment,2.0,,4
10,Ithaca,Ithaca Solar Townhouses,1.0,4.0,,,0.0,9442150501,2350.0,,,,"Ithaca Estates Realty, LLC",1800.0,for_rent,1.0,apartment,8.0,,4
11,Ithaca,700 Warren Rd # 18-2,1.5,2.0,42.486946,-76.470795,0.0,9890806356,,1.0,77.0,3.0,North Wood Apartments,894.0,for_rent,1.0,apartment,271.0,,8
12,Ithaca,704 Triphammer Rd,3.0,4.0,42.462183,-76.483453,0.0,4700006116,3300.0,6.0,90.0,2.0,,1898.0,for_rent,1.0,single_family,1.0,,4
13,Ithaca,607 S Aurora St,2.5,3.5,42.434366,-76.494036,0.0,4092955286,,1.0,82.0,1.0,"MLR Property Management, LLC",1200.0,for_rent,1.0,other,15.0,,4
14,Ithaca,1601 E Shore Dr,3.0,4.0,42.50913,-76.508012,0.0,9613463690,3800.0,1.0,81.0,2.0,,2000.0,for_rent,1.0,single_family,1.0,,4
15,Ithaca,815 S Aurora St,1.0,1.5,42.430073,-76.49638,0.0,4904234484,,,83.0,,Live More Ithaca,858.0,for_rent,1.0,other,97.0,2023.0,4
16,Ithaca,220 Giles St,1.0,3.0,42.435254,-76.489183,0.0,4082595354,2500.0,1.0,80.0,2.0,,1600.0,for_rent,1.0,single_family,1.0,,0
17,Ithaca,320 Blackstone Ave,3.0,4.0,42.470508,-76.470348,0.0,3547694536,3200.0,1.0,90.0,2.0,,2100.0,for_rent,1.0,single_family,1.0,,4
18,Ithaca,648 Hudson Upstairs St Unit 648,1.0,3.0,42.43063,-76.492816,0.0,4072356572,2500.0,1.0,84.0,1.0,,0.0,for_rent,1.0,condos,1.0,,0
19,Ithaca,815 S Aurora St Unit A301,1.0,3.0,42.430042,-76.49662,0.0,9017823863,2050.0,,83.0,,,970.0,for_rent,1.0,condos,1.0,,1
20,Ithaca,815 S Aurora St Unit A307,1.0,3.0,42.430042,-76.49662,0.0,9476339580,900.0,,83.0,,,980.0,for_rent,1.0,condos,1.0,,1
21,Ithaca,815 S Aurora St Unit A01,1.0,3.0,42.430042,-76.49662,0.0,9390534105,2730.0,,83.0,,,970.0,for_rent,1.0,condos,1.0,,1
22,Ithaca,114 Birdseye View Dr,2.0,3.0,42.410846,-76.504331,0.0,3796286251,2075.0,1.0,78.0,2.0,,1620.0,for_rent,1.0,single_family,1.0,,1
23,Lansing,43 Fiddlers Rdg,4.0,6.0,42.55152,-76.563698,0.0,3927732618,4000.0,1.0,100.0,2.0,,3542.0,for_rent,1.0,single_family,1.0,,0
24,Ithaca,202 Linden Ave Unit 303,1.0,4.0,42.439472,-76.484375,0.0,9777901913,900.0,1.0,78.0,3.0,,1010.0,for_rent,1.0,condos,1.0,,0
25,Ithaca,815 S Aurora St Unit A207,1.0,3.0,42.430042,-76.49662,0.0,9105502388,1000.0,,83.0,,,980.0,for_rent,1.0,condos,1.0,,1
26,Ithaca,217 Columbia St,3.0,4.5,42.435586,-76.493332,0.0,3110814062,,1.0,81.0,3.0,"MLR Property Management, LLC",0.0,for_rent,1.0,other,5.0,,0
27,Ithaca,126 College Ave Unit 401,2.0,6.0,42.438778,-76.485321,0.0,9708488612,1417.0,1.0,74.0,3.0,,1658.0,for_rent,1.0,condos,1.0,,0
28,Ithaca,218 Pleasant St,1.0,3.0,42.436819,-76.495883,0.0,3999492302,2040.0,1.0,78.0,3.0,,1400.0,for_rent,1.0,single_family,1.0,,2
29,Ithaca,135 Coddington Rd,1.0,3.0,42.429737,-76.494026,0.0,9974051488,2175.0,1.0,84.0,3.0,,1500.0,for_rent,1.0,single_family,1.0,,1
30,Ithaca,504 S Aurora St,1.0,4.0,42.435528,-76.494904,0.0,9522569919,3400.0,1.0,81.0,1.0,,1400.0,for_rent,1.0,single_family,1.0,,0
31,Ithaca,117 Prospect St,1.0,4.0,42.437156,-76.49576,0.0,3996771888,2640.0,1.0,78.0,3.0,,1300.0,for_rent,1.0,single_family,1.0,,3
32,Ithaca,708 E Seneca-3 708 Sen St E # 1-2,3.0,10.0,42.440922,-76.489113,0.0,9648829532,8550.0,1.0,78.0,2.0,,3000.0,for_rent,1.0,single_family,1.0,,0
33,Ithaca,2250 N Triphammer Rd Apt K2,1.5,2.0,42.478687,-76.487259,0.0,9604444238,,1.0,76.0,2.0,Lansing West Apartments,894.0,for_rent,1.0,apartment,180.0,,5
34,Ithaca,1 Candlewyck Dr,1.0,1.5,42.46021,-76.52717,0.0,3608593626,,1.0,78.0,2.0,Candlewyck Park,755.0,for_rent,1.0,apartment,77.0,,7
35,Ithaca,166 Bush Ln,3.0,4.0,42.497919,-76.479263,0.0,4240505674,2950.0,1.0,90.0,2.0,,1650.0,for_rent,1.0,single_family,1.0,,1
36,Ithaca,115 Prospect St # 1,1.0,3.0,42.437073,-76.495872,0.0,9267287577,2100.0,1.0,78.0,3.0,,0.0,for_rent,1.0,apartment,1.0,,3
37,Ithaca,402 Esty St,1.0,1.0,42.44352,-76.507092,0.0,3744705053,1550.0,8.0,74.0,1.0,,720.0,for_rent,1.0,single_family,1.0,,2
38,Ithaca,116 Ferris Pl Apt 3,1.0,3.0,42.438095,-76.489319,0.0,9190586965,2010.0,1.0,75.0,1.0,,0.0,for_rent,1.0,apartment,1.0,,5
39,Ithaca,207 Kevin Pl,1.0,3.0,,,0.0,9119603768,2400.0,,,,,0.0,for_rent,1.0,apartment,1.0,,0
40,Ithaca,115 Prospect St # 2,1.0,3.0,42.437073,-76.495872,0.0,9624387043,2100.0,1.0,78.0,3.0,,0.0,for_rent,1.0,apartment,1.0,,2
41,Ithaca,106-112 S Quarry St,1.5,3.5,42.438304,-76.488487,0.0,4064492174,,,73.0,,"MLR Property Management, LLC",0.0,for_rent,1.0,other,5.0,,3
42,Ithaca,116 Ferris Pl Apt 2,1.0,3.0,42.438127,-76.489369,0.0,4340179655,2100.0,1.0,75.0,1.0,,750.0,for_rent,1.0,apartment,1.0,,5
43,Ithaca,218 Delaware Ave Apt 4,2.0,5.0,42.440521,-76.483574,0.0,9004188671,5250.0,1.0,77.0,3.0,,0.0,for_rent,1.0,apartment,1.0,,5
44,Ithaca,112-114 Schuyler Pl,1.0,3.0,42.439892,-76.492302,0.0,9356349145,775.0,1.0,74.0,2.0,,0.0,for_rent,1.0,apartment,1.0,,0
45,Ithaca,118 Ferris Pl Apt 2,1.0,4.0,42.438084,-76.489365,0.0,9858278091,2800.0,1.0,75.0,1.0,,0.0,for_rent,1.0,apartment,1.0,,5
46,Ithaca,238 Dryden Rd Unit 201,2.0,2.0,42.441662,-76.483253,0.0,9800762398,3710.0,1.0,75.0,3.0,,990.0,for_rent,1.0,condos,1.0,,0
47,Ithaca,218 Delaware Ave,1.5,3.5,42.440545,-76.483578,0.0,3877781734,3075.0,1.0,77.0,3.0,Landlords Association,0.0,for_rent,1.0,apartment,3.0,0.0,2
48,Ithaca,104 Lake Ave,4.0,7.0,42.444748,-76.499762,0.0,9843308796,825.0,6.0,77.0,2.0,,0.0,for_rent,1.0,apartment,1.0,,2
49,Ithaca,214 Dryden Rd,4.0,7.0,42.441896,-76.484229,0.0,9725975963,850.0,1.0,73.0,3.0,,0.0,for_rent,1.0,apartment,1.0,,2
50,Ithaca,238 Dryden Rd Unit G01,1.0,1.0,42.441662,-76.483253,0.0,9659993471,2415.0,1.0,75.0,3.0,,712.0,for_rent,1.0,condos,1.0,,0
51,Ithaca,118 Ferris Pl,2.0,6.0,42.438019,-76.489395,0.0,9580770626,4200.0,1.0,75.0,1.0,,0.0,for_rent,1.0,apartment,1.0,,5
52,Ithaca,202 Linden-4 Bedroom Btb Ave Unit 203,0.0,0.0,42.439472,-76.484375,0.0,9973307477,1285.0,1.0,78.0,3.0,,300.0,for_rent,1.0,condos,1.0,,0
53,Ithaca,124 Sears St Apt 1,2.0,5.0,42.443836,-76.498238,0.0,9637407987,2950.0,6.0,80.0,2.0,,1500.0,for_rent,1.0,apartment,1.0,,2
54,Ithaca,506 S Cayuga St Apt 1,1.0,4.0,42.433925,-76.498937,0.0,4339993326,2720.0,1.0,80.0,2.0,,0.0,for_rent,1.0,apartment,1.0,,2
55,Ithaca,118 Ferris Pl Apt 1,2.0,6.0,42.438084,-76.489365,0.0,9610840462,4200.0,1.0,75.0,1.0,,0.0,for_rent,1.0,apartment,1.0,,5
56,Ithaca,238 Dryden Rd Unit 402,1.0,2.0,42.441662,-76.483253,0.0,9443572855,3500.0,1.0,75.0,3.0,,781.0,for_rent,1.0,condos,1.0,,0
57,Ithaca,815 S Aurora St Unit A206,1.0,2.0,42.430042,-76.49662,0.0,9918526406,2300.0,,83.0,,,736.0,for_rent,1.0,condos,1.0,,1
58,Ithaca,238 Dryden Rd Unit 102,1.0,2.0,42.441662,-76.483253,0.0,9241504919,3500.0,1.0,75.0,3.0,,781.0,for_rent,1.0,condos,1.0,,0
59,Ithaca,238 Dryden Rd Unit 302,1.0,2.0,42.441662,-76.483253,0.0,9110029277,3530.0,1.0,75.0,3.0,,781.0,for_rent,1.0,condos,1.0,,0
60,Ithaca,815 S Aurora St Unit B301,1.0,2.0,42.430042,-76.49662,0.0,9735512368,2100.0,,83.0,,,736.0,for_rent,1.0,condos,1.0,,1
61,Ithaca,815 S Aurora St Unit A203,1.0,2.0,42.430042,-76.49662,0.0,9247939406,2000.0,,83.0,,,607.0,for_rent,1.0,condos,1.0,,1
62,Ithaca,702 Hudson Bedroom Downstairs St Unit 3,2.0,3.0,42.430138,-76.492523,0.0,9242504609,2475.0,1.0,82.0,1.0,,0.0,for_rent,1.0,condos,1.0,,0
63,Ithaca,815 S Aurora St Unit A204,1.0,2.0,42.430042,-76.49662,0.0,9949146891,2100.0,,83.0,,,607.0,for_rent,1.0,condos,1.0,,1
64,Ithaca,815 S Aurora St Unit A205,1.0,2.0,42.430042,-76.49662,0.0,9702777886,2300.0,,83.0,,,736.0,for_rent,1.0,condos,1.0,,1
65,Ithaca,702 Hudson St Unit 2,2.0,3.0,42.430138,-76.492523,0.0,9586565159,795.0,1.0,82.0,1.0,,0.0,for_rent,1.0,condos,1.0,,0
66,Ithaca,815 S Aurora St Unit B104,1.0,2.0,42.430042,-76.49662,0.0,9333900278,2300.0,,83.0,,,736.0,for_rent,1.0,condos,1.0,,1
67,Ithaca,815 S Aurora St Unit A304,1.0,2.0,42.430042,-76.49662,0.0,9129857535,2100.0,,83.0,,,607.0,for_rent,1.0,condos,1.0,,1
68,Ithaca,205 Williams St,2.0,7.0,42.442171,-76.488493,0.0,3844018790,995.0,1.0,78.0,3.0,,0.0,for_rent,1.0,apartment,1.0,,0
69,Ithaca,815 S Aurora St Unit A202,1.0,2.0,42.430042,-76.49662,0.0,9122493562,2300.0,,83.0,,,736.0,for_rent,1.0,condos,1.0,,1
70,Ithaca,126 College Ave Unit 201,2.0,6.0,42.438778,-76.485321,0.0,9320578554,1417.0,1.0,74.0,3.0,,1658.0,for_rent,1.0,condos,1.0,,0
71,Ithaca,111 Harvard Pl,3.0,7.0,42.440337,-76.48173,0.0,3886613762,7600.0,1.0,78.0,3.0,,0.0,for_rent,1.0,single_family,1.0,,6
72,Ithaca,815 S Aurora St Unit A201,1.0,3.0,42.430042,-76.49662,0.0,9634871026,2730.0,,83.0,,,970.0,for_rent,1.0,condos,1.0,,1
73,Ithaca,202 Linden Ave Unit 1,1.0,4.0,42.439472,-76.484375,0.0,9697687795,1285.0,1.0,78.0,3.0,,300.0,for_rent,1.0,condos,1.0,,0
74,Ithaca,605 S Aurora St,1.5,3.5,42.434511,-76.494298,0.0,4092992552,,1.0,81.0,2.0,"MLR Property Management, LLC",0.0,for_rent,1.0,other,7.0,,0
75,Ithaca,301 E State St,1.5,1.0,42.439304,-76.494944,0.0,4741580935,,,70.0,,City Centre Ithaca,913.5,for_rent,1.0,apartment,193.0,,5
76,Ithaca,238 Dryden Rd Unit 202,1.0,2.0,42.441662,-76.483253,0.0,9969923513,3530.0,1.0,75.0,3.0,,781.0,for_rent,1.0,condos,1.0,,0
77,Ithaca,116 Ferris Pl Apt 1,2.0,5.0,42.438091,-76.489388,0.0,9535483848,3500.0,1.0,75.0,1.0,,0.0,for_rent,1.0,apartment,1.0,,5
78,Ithaca,815 S Aurora St Unit A103,1.0,2.0,42.430042,-76.49662,0.0,9571468903,2150.0,,83.0,,,607.0,for_rent,1.0,condos,1.0,,1
79,Ithaca,113 Oak Ave,4.0,0.0,42.442321,-76.484259,0.0,3847968980,1000.0,1.0,75.0,3.0,,0.0,for_rent,1.0,single_family,1.0,,5
80,Ithaca,815 S Aurora St Unit A02,1.0,2.0,42.430042,-76.49662,0.0,9954395229,2300.0,,83.0,,,736.0,for_rent,1.0,condos,1.0,,1
81,Ithaca,118 Ferris Pl Apt 3,1.0,3.0,42.438026,-76.489357,0.0,9898732364,2100.0,1.0,75.0,1.0,,750.0,for_rent,1.0,apartment,1.0,,5
82,Ithaca,702 Hudson St Unit 1,2.0,3.0,42.430141,-76.492485,0.0,9558560038,795.0,1.0,82.0,1.0,,0.0,for_rent,1.0,condos,1.0,,0
83,Ithaca,238 Dryden Rd Unit 401,2.0,2.0,42.441662,-76.483253,0.0,9385369296,3710.0,1.0,75.0,3.0,,990.0,for_rent,1.0,condos,1.0,,0
84,Ithaca,121 Cascadilla Ave Apt 1,1.0,1.0,42.443947,-76.497833,0.0,9839553811,1225.0,8.0,80.0,2.0,,400.0,for_rent,1.0,apartment,1.0,1910.0,1
85,Ithaca,87 Uptown Rd Apt K107,1.0,1.0,42.479103,-76.473717,0.0,9028551025,1550.0,1.0,75.0,2.0,,775.0,for_rent,1.0,apartment,1.0,,1
86,Ithaca,719 Tripammer # C,1.0,1.0,42.463093,-76.483231,0.0,9587220858,725.0,1.0,92.0,1.0,,200.0,for_rent,1.0,apartment,1.0,,4
87,Lansing,105 Auburn Rd,1.0,1.0,42.536514,-76.496229,0.0,4078808749,975.0,1.0,82.0,2.0,,600.0,for_rent,1.0,apartment,1.0,,4
88,Ithaca,807 Triphammer Rd,1.0,2.0,42.463422,-76.48337,0.0,4694863416,1540.0,1.0,93.0,2.0,,1200.0,for_rent,1.0,apartment,1.0,,5
89,Ithaca,125 Highland Pl Apt 1,1.0,2.0,42.442562,-76.488052,0.0,9984480983,1195.0,1.0,78.0,3.0,,0.0,for_rent,1.0,apartment,1.0,,5
90,Ithaca,801 Triphammer Rd # B,1.0,1.0,42.463249,-76.483292,0.0,9170488512,1000.0,1.0,93.0,2.0,,550.0,for_rent,1.0,apartment,1.0,,5
91,Ithaca,719 Triphammer Rd Apt A,1.0,2.0,42.463093,-76.483231,0.0,9324971245,1540.0,1.0,92.0,1.0,,1000.0,for_rent,1.0,apartment,1.0,,5
92,Ithaca,105 Worth St,1.0,2.0,42.438734,-76.47857,0.0,3872825364,2390.0,1.0,79.0,3.0,,0.0,for_rent,1.0,apartment,1.0,,5
93,Ithaca,87 Uptown Rd Apt I202,1.0,2.0,42.479515,-76.473297,0.0,9485529940,1700.0,1.0,74.0,2.0,,1075.0,for_rent,1.0,apartment,1.0,,1
94,Ithaca,506 S Cayuga St # 2,1.0,2.0,42.433907,-76.498924,0.0,9983981707,1180.0,1.0,80.0,2.0,,800.0,for_rent,1.0,apartment,1.0,,2
95,Ithaca,207 Kevin Pl,1.0,2.0,,,0.0,9409487135,1550.0,,,,,0.0,for_rent,1.0,apartment,1.0,,0
96,Ithaca,3 Hudson Pl Unit B,1.0,2.0,42.430649,-76.493156,0.0,9973483898,1600.0,1.0,84.0,1.0,,900.0,for_rent,1.0,apartment,1.0,,3
97,Ithaca,327 W Seneca St Apt 102,1.0,2.0,42.440075,-76.503532,0.0,9665664861,1900.0,3.0,70.0,2.0,,700.0,for_rent,1.0,apartment,1.0,,0
98,Ithaca,327 W Seneca St Apt 303,1.0,2.0,42.440075,-76.503532,0.0,9162987432,1900.0,3.0,70.0,2.0,,700.0,for_rent,1.0,apartment,1.0,,0
99,Ithaca,807 Triphammer Rd # B,1.0,2.0,42.463409,-76.483368,0.0,9561869455,1540.0,1.0,93.0,2.0,,800.0,for_rent,1.0,apartment,1.0,,3
100,Ithaca,715 Triphammer Rd,1.0,2.0,42.46294,-76.483197,0.0,4694639821,1540.0,1.0,93.0,2.0,,0.0,for_rent,1.0,apartment,1.0,,5
101,Ithaca,327 W Seneca St Apt 203,1.0,2.0,42.440075,-76.503532,0.0,9181092076,1950.0,3.0,70.0,2.0,,700.0,for_rent,1.0,apartment,1.0,,0
102,Ithaca,124 Roberts Pl,2.0,3.0,42.453167,-76.484934,0.0,4335817125,1250.0,,90.0,,,1500.0,for_rent,1.0,apartment,1.0,,2
103,Ithaca,702 N Aurora St,1.0,2.0,42.447485,-76.496377,0.0,3603094472,1450.0,6.0,83.0,3.0,,0.0,for_rent,1.0,apartment,1.0,,2
104,Ithaca,705 E Buffalo St,1.0,2.0,42.441341,-76.488255,0.0,3843087142,1380.0,1.0,77.0,3.0,,0.0,for_rent,1.0,apartment,1.0,,5
105,Ithaca,303 Wyckoff Ave,2.0,4.0,42.455059,-76.483592,0.0,3451496618,3100.0,1.0,92.0,2.0,,2400.0,for_rent,1.0,apartment,1.0,,3
106,Ithaca,103 Spring Ln,1.0,2.0,42.441994,-76.491734,0.0,3830304923,1620.0,1.0,79.0,3.0,,0.0,for_rent,1.0,apartment,1.0,,0
107,Freeville,1B Deibler Dr,1.0,2.0,42.494366,-76.37544,0.0,4052872017,1300.0,1.0,100.0,2.0,,0.0,for_rent,1.0,apartment,1.0,,3
108,Ithaca,112 Sapsucker Woods Rd,1.0,2.0,42.468651,-76.450523,0.0,9144834287,1695.0,1.0,93.0,2.0,,3078.0,for_rent,1.0,apartment,1.0,1976.0,1
109,Ithaca,425 Troy Rd,2.0,3.0,42.385446,-76.470106,0.0,3319701317,775.0,1.0,100.0,3.0,,1400.0,for_rent,1.0,apartment,1.0,,3
110,Ithaca,202 Dryden Rd,2.5,5.5,42.441786,-76.484831,0.0,9004372666,855.0,1.0,71.0,3.0,Landlords Association,0.0,for_rent,1.0,apartment,2.0,0.0,4
111,Ithaca,107 Elmwood Ave,2.0,4.0,42.438428,-76.478496,0.0,4209064466,4100.0,1.0,79.0,3.0,,0.0,for_rent,1.0,apartment,1.0,,5
112,Ithaca,109 E State St,1.0,0.0,42.439278,-76.498512,0.0,9593541099,945.0,,68.0,,,0.0,for_rent,1.0,apartment,1.0,,4
113,Ithaca,87 Uptown Rd Apt F112,1.0,1.0,42.47979,-76.474205,0.0,9048930196,1350.0,1.0,74.0,2.0,,775.0,for_rent,1.0,apartment,1.0,,1
114,Ithaca,426 E Buffalo St,1.0,2.0,42.441949,-76.49252,0.0,3830863912,882.0,1.0,79.0,3.0,,0.0,for_rent,1.0,apartment,1.0,,6
115,Ithaca,210 Delaware Ave Apt 2,1.0,3.0,42.439854,-76.483528,0.0,9864265022,2850.0,1.0,78.0,3.0,,0.0,for_rent,1.0,apartment,1.0,,5
116,Dryden,8 Library St,1.0,0.0,42.491526,-76.298962,0.0,4780213306,735.0,1.0,100.0,2.0,,0.0,for_rent,1.0,apartment,1.0,,5
117,Ithaca,114 Overlook Rd Apt 3,1.0,3.0,42.458683,-76.489548,0.0,9764143776,2685.0,1.0,88.0,2.0,,1400.0,for_rent,1.0,apartment,1.0,,4
118,Ithaca,121 Cascadilla Ave Apt 3,1.0,1.0,42.443951,-76.497772,0.0,9439454615,1575.0,8.0,80.0,2.0,,400.0,for_rent,1.0,apartment,1.0,1910.0,1
119,Ithaca,87 Uptown Rd Apt J201,1.0,1.0,42.479221,-76.474106,0.0,9198021389,1580.0,1.0,75.0,2.0,,933.0,for_rent,1.0,apartment,1.0,,1
120,Ithaca,705 E Seneca Ithaca,1.0,1.0,42.440483,-76.489258,0.0,9270490040,1115.0,1.0,78.0,3.0,,0.0,for_rent,1.0,apartment,1.0,,0
121,Ithaca,105 Dewitt Pl Apt 2,1.0,1.0,42.441929,-76.491173,0.0,9386654295,1450.0,1.0,79.0,3.0,,0.0,for_rent,1.0,apartment,1.0,,2
122,Ithaca,216 University Ave,1.0,1.0,42.445737,-76.493702,0.0,3099746077,1900.0,1.0,84.0,3.0,,0.0,for_rent,1.0,apartment,1.0,,6
123,Ithaca,1718 Ellis Hollow Rd,2.0,2.0,42.42716,-76.388618,0.0,4775417771,1850.0,1.0,100.0,3.0,,0.0,for_rent,1.0,apartment,1.0,,4
124,Ithaca,321-321 5 Hillview Pl # 321HIL,1.0,3.0,,,0.0,9024949942,,,,,PPM Homes LLC,0.0,for_rent,1.0,apartment,3.0,,3
125,Ithaca,200 W Hill Cir,1.25,2.0,42.46632,-76.54324,0.0,4946062953,0.0,1.0,81.0,1.0,The Overlook at West Hill,855.0,for_rent,1.0,apartment,128.0,,5
126,Ithaca,924 Danby Rd,1.5,4.0,42.425702,-76.500679,0.0,3070355079,,1.0,76.0,3.0,"MLR Property Management, LLC",0.0,for_rent,1.0,other,2.0,,0
127,Ithaca,Ithaca Solar Townhouses,1.0,4.0,,,0.0,9250743367,2350.0,,,,"Ithaca Estates Realty, LLC",1800.0,for_rent,1.0,apartment,8.0,,4
128,Ithaca,113 N Quarry St,1.0,3.0,42.439342,-76.48835,0.0,9309116472,,1.0,77.0,3.0,PPM Homes LLC,0.0,for_rent,1.0,apartment,5.0,,0
129,Ithaca,512 University Ave,3.0,6.0,42.449006,-76.492962,0.0,3570859431,579900.0,1.0,83.0,3.0,,2545.0,for_sale,2.0,multi_family,2.0,1900.0,1
130,Ithaca,Coddington and Hudson Pl,1.0,0.0,,,0.0,9104009463,,,,,Ithaca Living Solutions,400.0,for_rent,1.0,apartment,98.0,,4
131,Ithaca,151 Dryden Rd,1.0,1.0,42.441534,-76.485747,0.0,3155134025,1950.0,,68.0,,Landlords Association,0.0,for_rent,1.0,apartment,3.0,0.0,4
132,Ithaca,508 E Buffalo St,1.5,3.0,42.44176,-76.491679,0.0,3829410541,2400.0,1.0,79.0,3.0,Landlords Association,1350.0,for_rent,1.0,apartment,2.0,0.0,2
133,Ithaca,111 Dryden Rd,1.5,3.0,42.441449,-76.486717,0.0,3155208557,1525.0,1.0,70.0,3.0,Landlords Association,0.0,for_rent,1.0,apartment,6.0,0.0,4
134,Ithaca,210 Delaware Ave,1.0,3.0,42.439892,-76.483505,0.0,9254273635,,1.0,78.0,3.0,Landlords Association,0.0,for_rent,1.0,apartment,2.0,0.0,5
135,Ithaca,87 Uptown Rd Apt F212,1.0,1.0,42.479824,-76.47422,0.0,9655301551,1400.0,1.0,74.0,2.0,,775.0,for_rent,1.0,apartment,1.0,,1
136,Ithaca,411 N Geneva St Apt 2,1.0,1.0,42.443233,-76.500648,0.0,9447043542,1900.0,7.0,77.0,2.0,,660.0,for_rent,1.0,apartment,1.0,,6
137,Ithaca,108 E State St,2.0,2.0,42.439859,-76.498531,0.0,9924998029,,,69.0,,Ithaca Renting Company,700.0,for_rent,1.0,apartment,5.0,0.0,4
138,Ithaca,521 E State St,1.0,1.5,42.438945,-76.490611,0.0,3914265092,,1.0,73.0,3.0,"MLR Property Management, LLC",0.0,for_rent,1.0,other,9.0,,0
139,Ithaca,87 Uptown Rd Apt H207,1.0,1.0,42.479694,-76.474197,0.0,9304999752,1550.0,1.0,74.0,2.0,,775.0,for_rent,1.0,apartment,1.0,,1
140,Ithaca,87 Uptown Rd Apt K205,1.0,1.0,42.479134,-76.47361,0.0,9151962928,1450.0,1.0,75.0,2.0,,775.0,for_rent,1.0,apartment,1.0,,1
141,Ithaca,102 Highland Pl Apt 1,1.0,1.0,42.44241,-76.488861,0.0,9548497444,1550.0,1.0,80.0,3.0,,500.0,for_rent,1.0,apartment,1.0,,2
142,Ithaca,107 E State St,1.0,0.5,42.43952,-76.498692,0.0,4609880924,1870.0,,68.0,,Landlords Association,0.0,for_rent,1.0,apartment,2.0,0.0,2
143,Ithaca,110 N Titus Ave,1.0,1.0,42.435539,-76.499603,0.0,9638615418,1845.0,8.0,78.0,3.0,,0.0,for_rent,1.0,apartment,1.0,,3
144,Ithaca,705 E Seneca Ithaca,1.0,1.0,42.440483,-76.489258,0.0,9324932634,1195.0,1.0,78.0,3.0,,0.0,for_rent,1.0,apartment,1.0,,0
145,Ithaca,87 Uptown Rd Apt K108,1.0,1.0,42.479176,-76.473717,0.0,9911442678,1550.0,1.0,75.0,2.0,,775.0,for_rent,1.0,apartment,1.0,,1
146,Ithaca,87 Uptown Rd Apt H202,1.0,1.0,42.479404,-76.474045,0.0,9952534781,1525.0,1.0,75.0,2.0,,775.0,for_rent,1.0,apartment,1.0,,1
147,Ithaca,112 E State St,2.0,2.0,42.439612,-76.498583,0.0,3112201184,1800.0,,69.0,,,0.0,for_rent,1.0,apartment,1.0,,6
148,Ithaca,1 Maplewood Rd,1.0,1.0,42.497367,-76.541623,0.0,4912559680,1180.0,1.0,100.0,2.0,,475.0,for_rent,1.0,apartment,1.0,,2
149,Ithaca,327 W Seneca St Apt 304,1.0,1.0,42.440075,-76.503532,0.0,9218997222,1450.0,3.0,70.0,2.0,,400.0,for_rent,1.0,apartment,1.0,,0
150,Ithaca,87 Uptown Rd Apt F107,1.0,1.0,42.479996,-76.474075,0.0,9862570496,1550.0,1.0,74.0,2.0,,775.0,for_rent,1.0,apartment,1.0,,1
151,Ithaca,20 Blue Heron Way,2.0,2.0,,,0.0,9064087276,3300.0,,,,,2400.0,for_rent,1.0,apartment,1.0,2022.0,1
152,Ithaca,110 Titus # 1A,2.0,2.0,42.435417,-76.499695,0.0,9597377586,3500.0,8.0,78.0,3.0,,0.0,for_rent,1.0,apartment,1.0,,1
153,Ithaca,207 Kevin Pl,2.0,4.0,,,0.0,9469354464,3180.0,,,,,0.0,for_rent,1.0,apartment,1.0,,0
154,Ithaca,22 Blue Heron Way,2.0,2.0,,,0.0,9011626843,3100.0,,,,,2400.0,for_rent,1.0,apartment,1.0,2022.0,1
155,Ithaca,801 Triphammer Rd Apt A,1.0,2.0,42.463275,-76.483294,0.0,4340216921,1540.0,1.0,93.0,2.0,,0.0,for_rent,1.0,apartment,1.0,,4
156,Ithaca,102 Highland Pl Apt 4,1.0,1.0,42.442429,-76.488861,0.0,9051500681,2095.0,1.0,80.0,3.0,,0.0,for_rent,1.0,apartment,1.0,,2
157,Ithaca,372 Troy Rd Unit 2,2.0,4.0,42.389908,-76.471977,0.0,9811241160,2500.0,1.0,100.0,3.0,,1092.0,for_rent,1.0,apartment,1.0,,4
158,Ithaca,109 Dewitt Pl Apt 1,1.0,2.0,42.44207,-76.491196,0.0,9657086777,995.0,1.0,80.0,3.0,,0.0,for_rent,1.0,apartment,1.0,,2
159,Freeville,5C Deibler Dr,1.0,2.0,42.494305,-76.37709,0.0,9588836722,1300.0,1.0,100.0,2.0,,832.0,for_rent,1.0,apartment,1.0,,5
160,Ithaca,102 Highland Pl Apt 2,1.0,1.0,42.442429,-76.488899,0.0,9405501907,2095.0,1.0,80.0,3.0,,0.0,for_rent,1.0,apartment,1.0,,4
161,Ithaca,208 Dryden Rd,1.0,2.5,42.441923,-76.484635,0.0,9169444932,1340.0,1.0,73.0,3.0,Landlords Association,0.0,for_rent,1.0,apartment,5.0,0.0,4
162,Ithaca,426 Eddy St,2.0,4.5,42.442211,-76.487778,0.0,9167320806,920.0,,75.0,,Landlords Association,0.0,for_rent,1.0,apartment,3.0,0.0,3
163,Ithaca,Ithaca Solar Townhouses,1.0,4.0,,,0.0,9438115898,2350.0,,,,"Ithaca Solar Townhouses, LLC 1047-1053 Danby Rd.",1800.0,for_rent,1.0,apartment,8.0,,1
164,Ithaca,127 College Ave,1.0,2.0,42.439056,-76.484797,0.0,3877707202,1470.0,1.0,77.0,3.0,Landlords Association,0.0,for_rent,1.0,apartment,4.0,0.0,5
165,Ithaca,200 Conifer Dr,1.5,1.5,42.451167,-76.532176,0.0,3757019505,646.0,1.0,83.0,2.0,Conifer Village at Ithaca,838.0,for_rent,1.0,apartment,72.0,,6
166,Ithaca,327 W Seneca St Apt 204,1.0,1.0,42.440075,-76.503532,0.0,9948193227,1415.0,3.0,70.0,2.0,,400.0,for_rent,1.0,apartment,1.0,,0
167,Ithaca,140 Seneca Way,1.5,1.5,42.439838,-76.493643,0.0,3728354657,,9.0,73.0,2.0,140 Seneca Way,1305.5,for_rent,1.0,apartment,38.0,,3
168,Ithaca,87 Uptown Rd Apt C215,1.0,2.0,42.479618,-76.475433,0.0,9317508645,1585.0,1.0,75.0,2.0,,1075.0,for_rent,1.0,apartment,1.0,,1
169,Ithaca,105 Highland Pl,1.5,2.5,42.442707,-76.488487,0.0,9634804524,,1.0,79.0,3.0,"MLR Property Management, LLC",800.0,for_rent,1.0,apartment,11.0,,0
170,Ithaca,319 Hillview Pl # 319HIL,1.0,1.0,42.434536,-76.495331,0.0,9062529655,,1.0,81.0,3.0,PPM Homes LLC,400.0,for_rent,1.0,apartment,6.0,,2
171,Ithaca,430 W State St,1.5,1.0,42.439693,-76.5056,0.0,9241448840,,,68.0,,Ironworks,718.5,for_rent,1.0,apartment,131.0,2022.0,3
172,Ithaca,213-215 Columbia St,1.5,3.5,42.435658,-76.493591,0.0,9951205032,,1.0,80.0,3.0,"MLR Property Management, LLC",0.0,for_rent,1.0,apartment,3.0,,0
173,Ithaca,111 Blair St,1.0,2.0,42.437708,-76.485614,0.0,4024423218,885.0,1.0,74.0,3.0,"Moll Properties, Inc.",0.0,for_rent,1.0,other,3.0,,3
174,Ithaca,711 E Seneca St,1.5,3.5,42.440432,-76.488811,0.0,3898650662,,1.0,78.0,3.0,"MLR Property Management, LLC",0.0,for_rent,1.0,other,7.0,,0
175,Ithaca,718 Hudson St,1.0,2.0,42.429743,-76.492045,0.0,4203113412,,1.0,79.0,2.0,Ithaca Living Solutions,750.0,for_rent,1.0,apartment,2.0,,3
176,Ithaca,109 Williams St,1.0,2.0,42.442177,-76.489075,0.0,9278978635,,1.0,79.0,3.0,"MLR Property Management, LLC",0.0,for_rent,1.0,apartment,6.0,,3
177,Ithaca,1005 1007 N Aurora St,1.0,2.5,42.45174,-76.496086,0.0,9131351145,,1.0,79.0,2.0,"MLR Property Management, LLC",875.0,for_rent,1.0,apartment,3.0,,0
178,Ithaca,404 University Ave,2.0,3.0,42.447632,-76.493164,0.0,9653352345,,1.0,86.0,3.0,"MLR Property Management, LLC",0.0,for_rent,1.0,apartment,5.0,,0
179,Ithaca,308 E Seneca St,1.0,0.5,42.440742,-76.495182,0.0,4552409564,,,75.0,,"MLR Property Management, LLC",0.0,for_rent,1.0,apartment,6.0,,0
180,Ithaca,707 E Seneca St,1.0,3.0,42.440419,-76.489039,0.0,3072081599,,1.0,78.0,3.0,"MLR Property Management, LLC",0.0,for_rent,1.0,other,8.0,,1
181,Ithaca,232 S Geneva St,2.0,3.5,42.437016,-76.50088,0.0,3364954427,,6.0,72.0,2.0,"MLR Property Management, LLC",0.0,for_rent,1.0,apartment,8.0,,0
182,Ithaca,306 Bryant Ave,2.0,5.0,42.440925,-76.483697,0.0,3857918987,6566.0,1.0,75.0,3.0,"MLR Property Management, LLC",2000.0,for_rent,1.0,apartment,2.0,,3
183,Ithaca,230 Bryant Ave,1.5,2.5,42.440218,-76.483019,0.0,3883669753,,1.0,78.0,3.0,"MLR Property Management, LLC",0.0,for_rent,1.0,apartment,5.0,,0
184,Ithaca,226 Bryant Ave,1.5,2.5,42.440006,-76.482742,0.0,9262301734,,1.0,78.0,3.0,PPM Homes LLC,0.0,for_rent,1.0,apartment,8.0,,1
185,Ithaca,416 Hudson St # 416HUD,2.0,6.0,42.435165,-76.492434,0.0,4079390483,,1.0,81.0,3.0,PPM Homes LLC,2060.0,for_rent,1.0,other,3.0,,1
186,Ithaca,518 Linn St,1.5,2.5,42.449668,-76.495308,0.0,3558710734,,1.0,80.0,2.0,"MLR Property Management, LLC",0.0,for_rent,1.0,apartment,3.0,,0
187,Ithaca,128 Sapsucker Woods Rd,1.0,2.0,42.469771,-76.45061,0.0,3141148539,,1.0,93.0,2.0,Ithaca Living Solutions,900.0,for_rent,1.0,apartment,4.0,,4
188,Ithaca,102 Wiedmaier Ct,1.5,3.0,42.414061,-76.44854,0.0,3609484160,,1.0,76.0,2.0,Ithacor,1172.5,for_rent,1.0,apartment,2.0,2014.0,3
189,Ithaca,107-109 Hudson St # 107HUD,1.5,5.0,42.438454,-76.494263,0.0,9099740249,,1.0,75.0,3.0,PPM Homes LLC,2000.0,for_rent,1.0,apartment,8.0,,4
190,Ithaca,1002 N Aurora St,1.5,2.5,42.451565,-76.496537,0.0,3463980708,,1.0,79.0,2.0,"MLR Property Management, LLC",1500.0,for_rent,1.0,apartment,5.0,,3
191,Ithaca,110-112-113 Stewart Ave,1.5,3.0,42.440121,-76.489494,0.0,9039527098,,1.0,77.0,3.0,"MLR Property Management, LLC",717.0,for_rent,1.0,apartment,16.0,,4
192,Ithaca,921 Taughannock Blvd,1.0,1.0,42.468463,-76.526988,0.0,4859057159,1430.0,1.0,82.0,2.0,"West Shore Apartments, LLC",0.0,for_rent,1.0,apartment,3.0,,4
193,Ithaca,309 S Aurora St,2.0,3.5,42.437196,-76.494479,0.0,3992635369,4550.0,1.0,79.0,2.0,PPM Homes LLC,700.0,for_rent,1.0,apartment,3.0,,4
194,Ithaca,522 Stewart Ave,2.5,5.0,42.444431,-76.489685,0.0,9089162976,,1.0,82.0,3.0,"MLR Property Management, LLC",0.0,for_rent,1.0,apartment,9.0,,1
195,Ithaca,144-313 Linn St,2.0,5.0,42.444863,-76.494838,0.0,3215199418,,1.0,82.0,2.0,"MLR Property Management, LLC",0.0,for_rent,1.0,apartment,5.0,,0
196,Ithaca,1601 E Shore Dr Unit B,3.0,4.0,42.50922,-76.508728,0.0,9415356472,3800.0,1.0,80.0,2.0,,2000.0,for_rent,1.0,condos,1.0,2023.0,7
197,Ithaca,100 Graham Rd,1.5,2.0,42.48426,-76.48047,0.0,4425528019,875.0,7.0,75.0,1.0,The Meadows at Ithaca,945.0,for_rent,1.0,apartment,111.0,,6
198,Ithaca,139 Coddington Rd # 139COD,2.0,6.0,42.429824,-76.493388,0.0,4204454986,3780.0,1.0,83.0,2.0,PPM Homes LLC,1827.0,for_rent,1.0,apartment,3.0,,4
199,Ithaca,Springwood Townhomes,2.0,2.0,,,0.0,9686083266,,,,,"Ithaca Estates Realty, LLC",1250.0,for_rent,1.0,apartment,29.0,,3
200,Ithaca,609 E State St,2.0,4.5,42.438973,-76.50901,0.0,3912513592,,,66.0,,"MLR Property Management, LLC",0.0,for_rent,1.0,other,7.0,,3
201,Ithaca,129 College Ave,3.0,8.0,42.439202,-76.484891,0.0,3875955703,,1.0,76.0,3.0,PPM Homes LLC,2988.0,for_rent,1.0,apartment,2.0,,4
202,Ithaca,308 Stewart Ave,1.5,2.5,42.441994,-76.490044,0.0,9505054718,,,79.0,,"MLR Property Management, LLC",0.0,for_rent,1.0,apartment,9.0,,0
203,Ithaca,710 Stewart Ave,1.0,2.5,42.450213,-76.490992,0.0,3570374974,775.0,1.0,85.0,3.0,"MLR Property Management, LLC",0.0,for_rent,1.0,other,8.0,,0
204,Ithaca,720 Hudson St,1.0,2.0,42.429752,-76.492081,0.0,9766813501,,1.0,79.0,2.0,Ithaca Living Solutions,720.0,for_rent,1.0,apartment,2.0,,3
205,Ithaca,601 E State St,2.0,4.0,42.438908,-76.489525,0.0,3913147113,,1.0,73.0,3.0,"MLR Property Management, LLC",0.0,for_rent,1.0,apartment,2.0,,0
206,Ithaca,410 S Aurora St,2.0,6.0,42.436188,-76.494972,0.0,9849757139,,1.0,80.0,1.0,PPM Homes LLC,2232.0,for_rent,1.0,apartment,4.0,1975.0,3
207,Ithaca,211 Columbia St,1.0,3.0,42.435573,-76.493782,0.0,4090346670,,1.0,81.0,2.0,Ithacor,1176.0,for_rent,1.0,apartment,2.0,2010.0,0
208,Ithaca,315-317 Hillview Pl # 315HIL,2.0,4.0,42.434696,-76.495552,0.0,9814917182,,1.0,81.0,3.0,PPM Homes LLC,1688.0,for_rent,1.0,apartment,3.0,,4
209,Ithaca,119 Stewart Ave # 119STE,1.0,1.5,42.440525,-76.489502,0.0,9727296845,,1.0,78.0,3.0,PPM Homes LLC,650.0,for_rent,1.0,apartment,6.0,,4
210,Ithaca,192-198 Pinckney Rd,1.0,2.0,42.483201,-76.408614,0.0,9799779705,995.0,1.0,96.0,3.0,PPM Homes LLC,0.0,for_rent,1.0,apartment,8.0,,1
211,Ithaca,112 Summit St,3.0,3.0,42.442169,-76.483081,0.0,4465034930,,1.0,77.0,3.0,The Lux and Lofts,1068.0,for_rent,1.0,apartment,0.0,,0
212,Ithaca,308 Fairmount Ave # 308FAI,1.0,1.5,42.440659,-76.480644,0.0,9594562840,,1.0,76.0,3.0,PPM Homes LLC,425.0,for_rent,1.0,apartment,7.0,,1
213,Ithaca,320 Hillview Pl # 320HIL,1.0,3.0,42.434982,-76.495453,0.0,9040043485,,1.0,81.0,3.0,PPM Homes LLC,780.0,for_rent,1.0,apartment,27.0,,4
214,Ithaca,918 Danby Road Llc 918 Danby Rd,1.5,3.5,42.42642,-76.499933,0.0,3068603579,,1.0,74.0,3.0,918 Danby Road Llc 918 Danby Rd,0.0,for_rent,1.0,apartment,0.0,,1
215,Ithaca,119-121 Prospect St # 119PRO,1.5,4.5,42.437225,-76.495598,0.0,9528013151,,1.0,78.0,3.0,PPM Homes LLC,1800.0,for_rent,1.0,apartment,3.0,,4
216,Ithaca,1028 Ellis Hollow Rd,1.0,1.0,42.435954,-76.460371,0.0,3421549321,646.0,8.0,93.0,1.0,Ellis Hollow,450.0,for_rent,1.0,apartment,104.0,,3
217,Ithaca,108-110 Hudson St # 108HUD,1.0,3.0,42.438122,-76.494408,0.0,9182887562,,1.0,76.0,2.0,PPM Homes LLC,0.0,for_rent,1.0,apartment,3.0,,0
218,Ithaca,613 E State St,1.5,3.5,42.438969,-76.509132,0.0,3912662656,,,66.0,,"MLR Property Management, LLC",0.0,for_rent,1.0,apartment,6.0,,0
219,Ithaca,327 W Seneca St,1.0,2.0,42.440065,-76.503534,0.0,3921233823,,3.0,70.0,2.0,Live More Ithaca,700.0,for_rent,1.0,apartment,13.0,,4
220,Ithaca,802-812 Dryden Rd,2.0,3.0,42.451904,-76.448799,0.0,9407413870,,1.0,75.0,2.0,Ithacor,0.0,for_rent,1.0,apartment,42.0,,0
221,Ithaca,324 Pleasant St,1.0,1.0,42.436905,-76.493294,0.0,9726967358,,1.0,79.0,2.0,Ithaca Living Solutions,550.0,for_rent,1.0,apartment,4.0,,3
222,Ithaca,324 Spencer Rd,1.0,2.0,42.429231,-76.504343,0.0,3106938404,1295.0,9.0,75.0,3.0,Forest Edge Townhomes,850.0,for_rent,1.0,apartment,14.0,1995.0,3
223,Ithaca,123 Columbia St # 123COL,1.0,3.0,42.435635,-76.495323,0.0,9485823735,,1.0,80.0,2.0,PPM Homes LLC,0.0,for_rent,1.0,apartment,3.0,,4
224,Ithaca,405-409 S Aurora St,1.5,3.5,42.436364,-76.494251,0.0,4400348928,,1.0,80.0,2.0,PPM Homes LLC,1343.5,for_rent,1.0,apartment,3.0,,3
225,Ithaca,311-313 S Aurora St,3.0,5.0,42.437008,-76.49441,0.0,9703462005,,1.0,79.0,2.0,PPM Homes LLC,2100.0,for_rent,1.0,apartment,13.0,,3
226,Ithaca,101 Dryden Rd,1.0,3.0,42.441994,-76.487244,0.0,9043685736,,1.0,73.0,3.0,PPM Homes LLC,0.0,for_rent,1.0,apartment,8.0,,2
227,Ithaca,105 Hudson St # 105HUD,2.0,4.0,42.43856,-76.494583,0.0,9591623263,,6.0,75.0,3.0,PPM Homes LLC,1600.0,for_rent,1.0,apartment,2.0,,3
228,Ithaca,429-431 N Tioga St,1.0,2.0,42.444149,-76.496811,0.0,9436567580,,8.0,81.0,2.0,"MLR Property Management, LLC",1000.0,for_rent,1.0,apartment,4.0,,0
229,Ithaca,519 E Buffalo St,1.0,2.0,42.441285,-76.490701,0.0,3834217847,1200.0,1.0,79.0,2.0,"Moll Properties, Inc.",0.0,for_rent,1.0,other,7.0,,3
230,Ithaca,106 Wiedmaier Ct,2.0,3.0,42.413681,-76.449093,0.0,3610937531,,1.0,80.0,1.0,Ithacor,1476.0,for_rent,1.0,apartment,2.0,2007.0,2
231,Ithaca,409 College Ave,1.0,1.5,42.442255,-76.484963,0.0,9523596613,,1.0,73.0,3.0,"Student Agencies Properties, Inc.",725.0,for_rent,1.0,apartment,64.0,,0
232,Ithaca,103 Wiedmaier Ct,1.5,3.0,42.413895,-76.44801,0.0,3609558692,,1.0,77.0,2.0,Ithacor,1144.5,for_rent,1.0,apartment,2.0,2015.0,3
233,Ithaca,902 Dryden Rd,1.5,2.5,42.453703,-76.44438,0.0,3409039337,,3.0,74.0,2.0,Ithacor,0.0,for_rent,1.0,apartment,10.0,,2
